id,food,serving,grams_per_serving,grams_basis,kcal,protein_g,carbs_g,fat_g,fibre_g,values,reference_source,reference_kcal,reference_protein_g,reference_carbs_g,reference_fat_g,verdict,notes
food-seed-0002,Achari Aloo (Dhaba Style (High oil)),1 katori,150,app-katori-150g,245,3.2,21,15.2,3.4,IndiFit estimate (unreviewed),,,,,,,
food-seed-0003,Achari Aloo (Low Oil cooking),1 katori,150,app-katori-150g,122,2.8,19,5.2,3,IndiFit estimate (unreviewed),,,,,,,
food-seed-0028,Aloo Tamatar Rasedar (Dhaba Style (High oil)),1 katori,150,app-katori-150g,203,3.2,18.9,11.2,3.4,IndiFit estimate (unreviewed),,,,,,,
food-seed-0046,Bajra Roti (Millet),1 piece,,,115,3.5,23,1.2,3.8,IndiFit estimate (unreviewed),,,,,,,
food-seed-0058,Beans Poriyal (Low Oil cooking),1 katori,150,app-katori-150g,77,3.3,9.5,3.6,3.8,IndiFit estimate (unreviewed),,,,,,,
food-seed-0059,Beetroot Sabji,1 katori,150,app-katori-150g,95,2.5,14,3.5,3.5,IndiFit estimate (unreviewed),,,,,,,
food-seed-0063,Bharli Vangi (Stuffed Brinjal) (Dhaba Style (High oil)),1 katori,150,app-katori-150g,231,4.2,14.7,17.6,5.2,IndiFit estimate (unreviewed),,,,,,,
food-seed-0068,Bhatura,1 piece,,,220,4.2,32,8.5,0.8,IndiFit estimate (unreviewed),,,,,,,
food-seed-0072,Bhatura (Premium ghee / extra oil),1 piece,,,275,5.2,40,10.6,1,IndiFit estimate (unreviewed),,,,,,,
food-seed-0095,Brown Rice (Cooked) (Jumbo / Large),1 katori,150,app-katori-150g,166,3.9,34.5,1.4,2.7,IndiFit estimate (unreviewed),,,,,,,
food-seed-0101,Butter Naan,1 piece,,,310,7.5,48,9.5,2,IndiFit estimate (unreviewed),,,,,,,
food-seed-0108,Butter Roti / Chapati (Jumbo / Large),1 piece,,,165,4.5,27,4.8,3.8,IndiFit estimate (unreviewed),,,,,,,
food-seed-0111,Buttermilk / Chaas (Plain),1 glass,,,35,1.5,2.5,1.8,0,IndiFit estimate (unreviewed),,,,,,,
food-seed-0130,Chicken Biryani (Hyderabadi),1 katori,150,app-katori-150g,480,28,58,15,2.5,IndiFit estimate (unreviewed),,,,,,,
food-seed-0136,Chicken Korma,1 katori,150,app-katori-150g,340,24,7,24,1,IndiFit estimate (unreviewed),,,,,,,
food-seed-0153,Cucumber Tomato Salad (Kachumber) (Double healthy bowl),2 katori,300,app-katori-150g,70,2,13,1,4,IndiFit estimate (unreviewed),,,,,,,
food-seed-0161,Dal Makhani (Double serving),2 katori,300,app-katori-150g,560,18.4,48,33,12,IndiFit estimate (unreviewed),,,,,,,
food-seed-0170,Drumstick (Moringa) Curry,1 katori,150,app-katori-150g,110,3.2,12,5.5,5,IndiFit estimate (unreviewed),,,,,,,
food-seed-0185,Egg White Omelette (3 Eggs) (Diet prep (Low oil / breast only)),1 piece,,,72,14.4,1.6,0.8,0.4,IndiFit estimate (unreviewed),,,,,,,
food-seed-0199,French Beans Foogath,1 katori,150,app-katori-150g,100,3,10,5.5,3.8,IndiFit estimate (unreviewed),,,,,,,
food-seed-0211,Garlic Butter Naan (Double),2 piece,,,660,16,100,20,4.4,IndiFit estimate (unreviewed),,,,,,,
food-seed-0215,Garlic Naan,1 piece,,,280,8,50,5,2.2,IndiFit estimate (unreviewed),,,,,,,
food-seed-0278,Lachha Paratha (Mini),1 piece,,,156,2.7,22.8,6,1.5,IndiFit estimate (unreviewed),,,,,,,
food-seed-0282,Lauki Ki Sabji (Bottle Gourd) (Dhaba Style (High oil)),1 katori,150,app-katori-150g,105,1.7,11.2,6.3,3.9,IndiFit estimate (unreviewed),,,,,,,
food-seed-0295,Malai Kofta (2 pcs + gravy) (Dhaba Style (High oil)),1 katori,150,app-katori-150g,448,10.5,18.9,38.4,2.6,IndiFit estimate (unreviewed),,,,,,,
food-seed-0322,Methi Paratha,1 piece,,,220,5.2,35,7,4.5,IndiFit estimate (unreviewed),,,,,,,
food-seed-0324,Methi Paratha (Jumbo / Large),1 piece,,,330,7.8,52.5,10.5,6.8,IndiFit estimate (unreviewed),,,,,,,
food-seed-0329,Missi Roti (Gram flour) (Jumbo / Large),1 piece,,,218,9,33,5.2,6,IndiFit estimate (unreviewed),,,,,,,
food-seed-0333,Mix Veg Curry (Gravy) (Dhaba Style (High oil)),1 katori,150,app-katori-150g,217,4.2,14.7,14.4,4.2,IndiFit estimate (unreviewed),,,,,,,
food-seed-0353,Mutton Biryani,1 katori,150,app-katori-150g,540,26,60,21,2.5,IndiFit estimate (unreviewed),,,,,,,
food-seed-0359,Nimbu Pani (Lemonade with sugar),1 glass,,,60,0.2,15,0.1,0.4,IndiFit estimate (unreviewed),,,,,,,
food-seed-0366,Oats Upma (Double healthy bowl),2 katori,300,app-katori-150g,380,12.4,62,9,11,IndiFit estimate (unreviewed),,,,,,,
food-seed-0372,Onion Tomato Sabji,1 katori,150,app-katori-150g,110,2,12,6,2.5,IndiFit estimate (unreviewed),,,,,,,
food-seed-0392,Paneer Mattar (Low Oil cooking),1 katori,150,app-katori-150g,154,7.7,7,10.5,2.1,IndiFit estimate (unreviewed),,,,,,,
food-seed-0413,Pav Bhaji (2 Pavs),1 plate,,,420,8.5,58,17,5,IndiFit estimate (unreviewed),,,,,,,
food-seed-0422,Plain Naan,1 piece,,,260,7.5,48,4.5,2,IndiFit estimate (unreviewed),,,,,,,
food-seed-0431,Plain Paratha (Premium ghee / extra oil),1 piece,,,225,5,35,7.5,3.1,IndiFit estimate (unreviewed),,,,,,,
food-seed-0442,Ragi Roti (Finger millet),1 piece,,,120,2.8,25,1.3,4.2,IndiFit estimate (unreviewed),,,,,,,
food-seed-0444,Ragi Roti (Finger millet) (Jumbo / Large),1 piece,,,180,4.2,37.5,2,6.3,IndiFit estimate (unreviewed),,,,,,,
food-seed-0447,Raita (Cucumber),1 katori,150,app-katori-150g,70,3.5,6,3.5,0.8,IndiFit estimate (unreviewed),,,,,,,
food-seed-0482,Sarson Ka Saag (Low Oil cooking),1 katori,150,app-katori-150g,84,4.8,9.5,3.9,4.3,IndiFit estimate (unreviewed),,,,,,,
food-seed-0483,Sev Tamatar Ki Sabji,1 katori,150,app-katori-150g,180,4,16,11,3,IndiFit estimate (unreviewed),,,,,,,
food-seed-0486,Shahi Paneer,1 katori,150,app-katori-150g,380,13.5,12,31,1.2,IndiFit estimate (unreviewed),,,,,,,
food-seed-0488,Shahi Paneer (Low Oil / Diet version),1 katori,150,app-katori-150g,285,10.1,9,23.2,0.9,IndiFit estimate (unreviewed),,,,,,,
food-seed-0490,Shimla Mirch Aloo (Dhaba Style (High oil)),1 katori,150,app-katori-150g,196,3.2,18.9,10.4,3.7,IndiFit estimate (unreviewed),,,,,,,
food-seed-0511,Tandoori Butter Roti (Jumbo / Large),1 piece,,,202,5.7,33,5.2,4.2,IndiFit estimate (unreviewed),,,,,,,
food-seed-0522,Tawa Paneer Masala,1 katori,150,app-katori-150g,250,14,9,18,2.2,IndiFit estimate (unreviewed),,,,,,,
food-seed-0526,Tinda Masala (Low Oil cooking),1 katori,150,app-katori-150g,63,2.4,9.5,2.5,2.8,IndiFit estimate (unreviewed),,,,,,,
food-seed-0541,Undhiyu (Gujarati Mixed Veg) (Dhaba Style (High oil)),1 katori,150,app-katori-150g,308,6.3,23.1,19.2,6.3,IndiFit estimate (unreviewed),,,,,,,
food-seed-0568,Whole Wheat Roti / Chapati (Premium ghee / extra oil),1 piece,,,106,3.8,22.5,0.6,3.1,IndiFit estimate (unreviewed),,,,,,,
