IndiFit Canonical ID,IndiFit Exercise Name,Primary Muscle,Equipment,RepDB Candidate ID,RepDB Name,Mapping Confidence,Reason,Asset Available,Start/Peak Available,Taxonomy Conflicts,Manual Review Required
089ec703-a25e-5b12-a39a-78b17ee33742,Flat Barbell Bench Press,Chest,Barbell,barbell-bench-press,Barbell Bench Press,EXACT,Direct movement match; standard flat barbell chest press,YES,YES,None (RepDB: pectoralis_major; IndiFit: Chest),NO
256fb9bd-77a8-5ea5-ab07-cb10d65bce67,Incline Dumbbell Bench Press,Chest,Dumbbells,incline-dumbbell-bench-press,Incline Dumbbell Bench Press,EXACT,Exact name and equipment match; 30-45 degree incline press,YES,YES,None (RepDB: pectoralis_major; IndiFit: Chest),NO
767caf63-b617-5a2f-9a01-a22b55918316,Decline Hammer Strength Press,Chest,Machine,NO_MATCH,None,NO_MATCH,RepDB free tier lacks plate-loaded Hammer Strength decline press; only has barbell decline and generic machine press,NO,NO,Machine subtype mismatch,YES
74aa39bb-ff5a-5ff7-8cbe-e75878af3cf3,Chest Dips,Chest,Bodyweight,dips,Dips,STRONG,RepDB dips is chest/tricep bodyweight dip; name omits 'Chest' qualifier,YES,YES,RepDB classifies under triceps_brachii as primary; IndiFit classifies Chest as primary,YES
91fe3e17-b76e-57b1-b4ef-bc615cb38c5d,Push-Ups,Chest,Bodyweight,push-up,Push-Up,EXACT,Singular vs plural naming difference; exact movement match,YES,YES,None (RepDB: pectoralis_major; IndiFit: Chest),NO
d1ea21fb-ca2a-5fe4-b529-1a48c66e2c3e,Cable Chest Fly,Chest,Cable,cable-fly,Cable Fly,EXACT,Exact movement match; bilateral cable chest fly,YES,YES,None (RepDB: pectoralis_major; IndiFit: Chest),NO
b102bfa4-6cc5-5e60-accb-82a1ae39b8bc,Barbell Deadlift,Back,Barbell,barbell-deadlift,Barbell Deadlift,STRONG,Exact mechanical movement; taxonomy difference on primary muscle,YES,YES,RepDB assigns gluteus_maximus/hamstrings primary; IndiFit assigns Back primary,YES
30dcad52-0a4d-55a4-a33b-e8923f85a51a,Lat Pulldown,Back,Cable,lat-pulldown,Lat Pulldown,EXACT,Exact equipment and mechanics match; wide-grip cable pulldown,YES,YES,None (RepDB: latissimus_dorsi; IndiFit: Back),NO
84011c13-4413-5779-8e7c-64f6a7860c68,Bent Over Barbell Row,Back,Barbell,bent-over-barbell-row,Bent Over Barbell Row,EXACT,Exact equipment and mechanical posture match,YES,YES,None (RepDB: latissimus_dorsi; IndiFit: Back),NO
b353d5f5-6116-5410-b6b3-50b2d78aea57,One-Arm Dumbbell Row,Back,Dumbbells,one-arm-dumbbell-row,One-Arm Dumbbell Row,EXACT,Exact unilateral dumbbell row match,YES,YES,None (RepDB: latissimus_dorsi; IndiFit: Back),NO
4e17e360-9f97-5cd4-a68c-c9dc1dcd7724,Pull-Ups,Back,Bodyweight,pull-up,Pull-Up,EXACT,Singular vs plural naming difference; standard overhand bodyweight pull-up,YES,YES,None (RepDB: latissimus_dorsi; IndiFit: Back),NO
9fae7317-b8a5-5f5c-ba93-9d1611fb21dc,Seated Cable Row,Back,Cable,seated-cable-row,Seated Cable Row,EXACT,Exact cable row mechanics match,YES,YES,None (RepDB: latissimus_dorsi; IndiFit: Back),NO
d3b5ab04-74f6-5155-9621-50238644eeda,Barbell Squat,Quads,Barbell,barbell-back-squat,Barbell Back Squat,EXACT,Exact back squat match; standard bilateral barbell squat,YES,YES,None (RepDB: quadriceps; IndiFit: Quads),NO
081ed879-f46b-592a-8982-345f0f01dd3f,Leg Press,Quads,Machine,leg-press,Leg Press,EXACT,Exact 45-degree sled leg press match,YES,YES,None (RepDB: quadriceps; IndiFit: Quads),NO
7887c839-1b15-5005-a0c9-b942842548e3,Romanian Deadlift (RDL),Hamstrings,Barbell,romanian-deadlift,Romanian Deadlift,EXACT,Exact barbell hinge movement; IndiFit has (RDL) alias in name,YES,YES,None (RepDB: hamstrings; IndiFit: Hamstrings),NO
568fcfd9-bb09-5299-a898-801e93216770,Leg Extensions,Quads,Machine,leg-extension,Leg Extension,EXACT,Singular vs plural naming difference; machine knee extension,YES,YES,None (RepDB: quadriceps; IndiFit: Quads),NO
59ff6c53-7932-57e3-a546-07ac2aa457ae,Seated Leg Curl,Hamstrings,Machine,seated-leg-curl,Seated Leg Curl,EXACT,Exact seated machine knee flexion match,YES,YES,None (RepDB: hamstrings; IndiFit: Hamstrings),NO
426ff89a-6639-51d1-a6c1-33184586bbed,Standing Calf Raise,Calves,Machine,standing-calf-raise,Standing Calf Raise,EXACT,Exact standing machine plantar flexion match,YES,YES,None (RepDB: gastrocnemius; IndiFit: Calves),NO
d8a67487-1f7a-5bed-b1aa-62537870b25b,Walking Lunges,Quads,Dumbbells,walking-lunge,Walking Lunge,EXACT,Singular vs plural naming difference; dumbbell walking lunge,YES,YES,None (RepDB: quadriceps; IndiFit: Quads),NO
d2674149-5f1c-529b-9e3e-136fef2d8933,Overhead Barbell Press,Shoulders,Barbell,overhead-press,Overhead Press,STRONG,RepDB uses standing barbell overhead press; exact movement match,YES,YES,None (RepDB: anterior_deltoid; IndiFit: Shoulders),NO
37088aa5-6989-5241-8ad9-23f1687a9435,Seated Dumbbell Shoulder Press,Shoulders,Dumbbells,seated-dumbbell-press,Seated Dumbbell Press,EXACT,Exact seated vertical press match,YES,YES,None (RepDB: anterior_deltoid; IndiFit: Shoulders),NO
c6422f26-c3ca-5a2b-9796-e4a3c17d1563,Dumbbell Lateral Raise,Shoulders,Dumbbells,dumbbell-lateral-raise,Dumbbell Lateral Raise,EXACT,Exact standing dumbbell medial deltoid raise match,YES,YES,None (RepDB: lateral_deltoid; IndiFit: Shoulders),NO
7acd7ccb-01ec-5c3a-80c8-7797efcd3302,Dumbbell Front Raise,Shoulders,Dumbbells,dumbbell-front-raise,Dumbbell Front Raise,EXACT,Exact standing dumbbell anterior deltoid raise match,YES,YES,None (RepDB: anterior_deltoid; IndiFit: Shoulders),NO
5e5620d2-4170-5f2a-bd3d-a1c0070480c9,Face Pulls,Shoulders,Cable,face-pull,Face Pull,EXACT,Singular vs plural naming difference; rope cable face pull,YES,YES,None (RepDB: posterior_deltoid; IndiFit: Shoulders),NO
6c8e559c-a8f8-59f0-a761-81d9c4cf4aa7,Standing Barbell Curl,Biceps,Barbell,barbell-curl,Barbell Curl,STRONG,RepDB omits 'Standing' prefix; identical standing barbell curl,YES,YES,None (RepDB: biceps_brachii; IndiFit: Biceps),NO
93760f3b-6f76-5856-9e79-0022911863cc,Dumbbell Hammer Curl,Biceps,Dumbbells,hammer-curl,Hammer Curl,STRONG,RepDB omits 'Dumbbell' prefix; identical neutral grip curl,YES,YES,None (RepDB: brachioradialis/biceps; IndiFit: Biceps),NO
a5650e7a-0cb9-5acb-8d66-889d2289e647,Incline Dumbbell Curl,Biceps,Dumbbells,incline-dumbbell-curl,Incline Dumbbell Curl,EXACT,Exact incline bench dumbbell curl match,YES,YES,None (RepDB: biceps_brachii; IndiFit: Biceps),NO
cb6bc77b-5a4b-5b00-9e8a-4d0c790f37a7,Preacher Curl,Biceps,EZ Bar,preacher-curl,Preacher Curl,EXACT,Exact preacher bench EZ-bar curl match,YES,YES,None (RepDB: biceps_brachii; IndiFit: Biceps),NO
9cb62691-e65f-56f4-9a93-c82a4834a448,Tricep Pushdown,Triceps,Cable,tricep-pushdown,Tricep Pushdown,EXACT,Exact cable triceps pushdown match,YES,YES,None (RepDB: triceps_brachii; IndiFit: Triceps),NO
b8f0b194-2d41-5514-bc2c-a2bdabbe056e,Skull Crushers (EZ Bar),Triceps,EZ Bar,skull-crusher,Skull Crusher,STRONG,RepDB uses lying EZ-bar skull crusher; name omits '(EZ Bar)' suffix,YES,YES,None (RepDB: triceps_brachii; IndiFit: Triceps),NO
4f71798e-7893-51a2-b542-090c03df5cb6,Overhead Dumbbell Tricep Extension,Triceps,Dumbbells,dumbbell-overhead-tricep-extension,Dumbbell Overhead Tricep Extension,STRONG,Word order difference ('Overhead Dumbbell' vs 'Dumbbell Overhead'),YES,YES,None (RepDB: triceps_brachii; IndiFit: Triceps),NO
bdd4c5a6-ea2b-55e0-a6e0-206ea683b886,Ab Wheel Rollout,Core,Bodyweight,ab-wheel-rollout,Ab Wheel Rollout,EXACT,Exact anti-extension core roll match,YES,YES,None (RepDB: rectus_abdominis; IndiFit: Core),NO
0bce1172-7f1c-5d38-9581-0bc2fc6807bb,Cable Crunch,Core,Cable,cable-crunch,Cable Crunch,EXACT,Exact kneeling cable crunch match,YES,YES,None (RepDB: rectus_abdominis; IndiFit: Core),NO
3525a526-c7a6-5d33-9758-4428da2760b6,Plank,Core,Bodyweight,plank,Plank,EXACT,Exact static prone forearm plank match,YES,YES,None (RepDB: rectus_abdominis; IndiFit: Core),NO
803fcabc-ad1c-52ac-b956-9e85a593c6f3,Hanging Leg Raise,Core,Bodyweight,hanging-leg-raise,Hanging Leg Raise,EXACT,Exact hanging bar knee/leg raise match,YES,YES,None (RepDB: rectus_abdominis/iliopsoas; IndiFit: Core),NO
